"brand","count"
"aiwa",44
"akai",38
"altius",6
"aoa",5
"avel innovations",3
"bauhn",73
"belgique",9
"blaupunkt",110
"brooklyn",1
"caixun",62
"chiq",47
"coocaa",9
"devanti",2
"dgtec",12
"digitech",9
"dynalink",1
"eko",189
"emete",55
"englaon",32
"ffalcon",26
"fpd",3
"furrion",4
"gorilla",2
"hisense",263
"hubbl",1
"hubbl glass",2
"hyundai",12
"iluma",14
"jvc",122
"kodak",5
"kogan",788
"konka",8
"lg",677
"linsar",43
"loewe",27
"lsp tv",1
"metz",5
"monster",4
"myvi",5
"palsonic",1
"philips",118
"polaroid",13
"prism+",8
"qbell",13
"rca",1
"s vision",1
"samsung",1096
"sharetv",1
"sharp",10
"shenzhen xinchaoda technology co ltd",4
"signify",1
"skyworth",24
"smarttech",5
"smtv",5
"soniq",1
"sony",80
"spark electronics",29
"sphere",13
"stan cash",1
"svision",6
"sylvox",132
"tavice",1
"tcl",91
"teac",11
"teco",10
"telefunken",17
"tenet",1
"thomson",2
"toshiba",50
"vdt",1
"veon",10
"walton",24
"wintal",1
"yokohama",3
"zen tv",4
